id,requirement,phase,status,evidence,remaining_verification
T01,"Tenant A kan inte läsa eller ändra kund, faktura, ärende eller bilaga i B.",P1,PARTIAL,3af25a7aa106f1d2038a2b759d26695e43ec9d43 OPS clean 109130083546: främmande tenant nekades kontaktform/Action; native efterläsning visade noll kontaktkommandon i B,Övriga kund-/faktura-/ärende-/bilagevägar och andra aktörsroller återstår.
T02,Kund A kan inte komma åt annan kund inom samma tenant.,P1,PARTIAL,"__tests__/customer-delegation-assertion.test.ts + __tests__/customer-delegation-boundary.test.ts (syntetiska nycklar och mockad kontolänk)","Ingen verklig issuer/bindning, native DB, externt API eller browserverifiering; ingen full acceptans."
T03,Admin i A och läsare i B förblir läsare i B.,P1,PARTIAL,__tests__/ops-contact-tenant-boundary.test.ts; 3af25a7aa106f1d2038a2b759d26695e43ec9d43 clean browser nekade läsare i A kontaktform och förfalskad Action,Faktiskt rollbyte A-admin/B-läsare och övriga OPS-/API-vägar återstår.
T04,Resolver och normal synk ändrar inte begränsad portalroll.,P1,PARTIAL,"__tests__/customer-portal-resolver-read-only.test.ts (mockad servergräns, 6/6)","Separat portal sync, aktiva DB-grants/RLS och native replay återstår; ingen full acceptans."
T05,Spärrat portalkonto återaktiveras inte av uppslag eller retry.,P1,PARTIAL,"Tidigare resolver-/sync-tester; native portal-revocation på dfb22211 OPS 36436708427; ny delegation-boundary med mockad spärrad länk","Verklig issuer, aktiv drift-ACL och kontoåterhämtning återstår; ingen full acceptans."
T06,Rätt API-scope med fel slutkund nekas.,P1,PARTIAL,"3af25a7aa106f1d2038a2b759d26695e43ec9d43 clean HTTP-API nekade fel/saknat kundbevis och fel kundnummer; positivt anrop, GET /me och native efterläsning passerade","Riktig issuer, samma-tenant annan kund och övriga externa API-rutter återstår."
T07,"Förfalskad aktör, tenant eller verifierad-flagga ger ingen rättighet.",P1,PARTIAL,"__tests__/customer-delegation-assertion.test.ts (signatur/tenant/issuer) + __tests__/ops-contact-tenant-boundary.test.ts (manipulerat kund-id)","Direkt DB/RPC, faktisk utfärdare och övriga aktörskanaler återstår."
T08,Tenantbyte i annan flik kan inte orsaka sparning till fel tenant.,P1,PARTIAL,"__tests__/ops-contact-tenant-boundary.test.ts (vald tenant avviker från kundens tenant och skrivning nekas)","Verklig flik-/browsersekvens, samtidighet och övriga skrivvägar återstår."
T09,Direkt databas-/RPC-anrop med låg rättighet kan inte kringgå skydd.,P1,NOT_VERIFIED,,"Runtime, databas och berörda UI-/API-vägar återstår."
T10,Återkallad session eller relation hanteras även med kvarvarande JWT.,P1,PARTIAL,"__tests__/customer-delegation-assertion.test.ts (plattformsmappning återkallad) + __tests__/customer-delegation-boundary.test.ts (kontolänk spärrad)","Native återkallelse, issuer-session, samtidighet och faktisk API-runtime återstår."
T11,Kontaktändring via API och OPS ger samma tillåtna resultat.,P2/P3,PARTIAL,"3af25a7aa106f1d2038a2b759d26695e43ec9d43 clean 109130083546: OPS browser revision 1, API revision 2 och GET /me, native kontakt/audit/kommando/outbox verifierat med P2_CONTACT_BROWSER_API_NATIVE_PASS","Riktig issuer, sekundärkontakt, äldre skrivvägar och övriga profilfält återstår."
T12,Ändring av endast telefon rensar inte andra fält.,P2/P3,PARTIAL,"3af25a7aa106f1d2038a2b759d26695e43ec9d43 clean: OPS browser och API sparade telefon i följd; e-post bevarad i browser, GET /me och native kund/primärkontakt","Andra kontaktskrivare, sekundärfält och verklig issuer återstår."
T13,Inloggningsändring använder rätt identitetsleverantör och verifiering.,P2/P3,NOT_VERIFIED,,"Runtime, databas och berörda UI-/API-vägar återstår."
T14,Faktureringsstandard ändras utan att avtalsundantag skrivs över.,P2/P3,NOT_VERIFIED,,"Runtime, databas och berörda UI-/API-vägar återstår."
T15,Readiness och export använder samma mottagare och revision.,P2/P3,NOT_VERIFIED,,"Runtime, databas och berörda UI-/API-vägar återstår."
T16,Profiländring skriver inte om utfärdad faktura.,P2/P3,NOT_VERIFIED,,"Runtime, databas och berörda UI-/API-vägar återstår."
T17,Omleverans har separat verifierat leveransbeslut.,P2/P3,NOT_VERIFIED,,"Runtime, databas och berörda UI-/API-vägar återstår."
T18,Samtidig profiländring och fakturalåsning blandar inte revisioner.,P2/P3,NOT_VERIFIED,,"Runtime, databas och berörda UI-/API-vägar återstår."
T19,Samtidiga profilskrivningar ger inte tyst dataförlust.,P2/P3,PARTIAL,Tvåsessions-fixtur scripts/customer-contact-concurrency-native.test.ts passerade i 3af25a7aa106f1d2038a2b759d26695e43ec9d43 clean 109130083546,"Andra profilskrivare, fakturalåsning och andra samtidighetsfall återstår."
T20,Ogiltigt fält i atomiskt kommando ger ingen partiell ändring.,P2/P3,PARTIAL,Ogiltig kontakt-e-post nekad i native P2_CONTACT_NATIVE_PASS på 3af25a7aa106f1d2038a2b759d26695e43ec9d43 OPS clean 109130083546,Övriga fältkontrakt och äldre skrivvägar återstår.
T21,Fel före avslutad lokaltransaktion lämnar inte kund och kontakt osynkade.,P2/P3,PARTIAL,Sent audit-unikhetsfel rullade tillbaka kund/kontakt/revision/resultat i native fixtur på 3af25a7aa106f1d2038a2b759d26695e43ec9d43 OPS clean 109130083546,Övriga skrivare och felpunkter återstår.
T22,Krasch efter commit före HTTP-svar återhämtas utan dubblett.,P2/P3,PARTIAL,Samma nyckel gav samma API-completion i HTTP och en native completion på 3af25a7aa106f1d2038a2b759d26695e43ec9d43; native committad återspelning passerade,Verklig felinjektion efter commit före svar och andra idempotensvägar återstår.
T23,Samma idempotensnyckel med annan payload nekas.,P2/P3,PARTIAL,Samma nyckel med ändrad payload gav HTTP 409 och native konflikt på 3af25a7aa106f1d2038a2b759d26695e43ec9d43 OPS clean 109130083546,Övriga idempotensvägar och samtidiga HTTP-anrop återstår.
T24,Samtidigt skapat ärende med samma nyckel ger ett logiskt ärende.,P2/P3,NOT_VERIFIED,,"Runtime, databas och berörda UI-/API-vägar återstår."
T25,Idempotensreplay kringgår inte återkallad rättighet.,P2/P3,PARTIAL,Native konto-/klientåterkallelse nekade kontaktreplay i 3af25a7aa106f1d2038a2b759d26695e43ec9d43 OPS clean 109130083546; äldre sync-tester,Samtidig återkallelse och andra rutter återstår.
T26,Webbärende visas i rätt tenant och rätt kundportal.,P4/P7,NOT_VERIFIED,,"Runtime, databas och berörda UI-/API-vägar återstår."
T27,Telefonsamtal kan fortsätta befintligt ärende.,P4/P7,NOT_VERIFIED,,"Runtime, databas och berörda UI-/API-vägar återstår."
T28,Identifierad kund utan portalkonto kan få behörig telefonhjälp.,P4/P7,NOT_VERIFIED,,"Runtime, databas och berörda UI-/API-vägar återstår."
T29,Oidentifierad kontakt får inte kunddata eller ändringsrätt.,P4/P7,NOT_VERIFIED,,"Runtime, databas och berörda UI-/API-vägar återstår."
T30,Ny mejl eller telefon bevisar inte ägande av gamla kontot.,P4/P7,NOT_VERIFIED,,"Runtime, databas och berörda UI-/API-vägar återstår."
T31,"Utgånget, återspelat eller felbundet verifieringsbevis nekas.",P4/P7,PARTIAL,"__tests__/customer-delegation-assertion.test.ts (utgånget och felbundet nekas)","Engångs-/återspelningsskydd för känslig skrivning samt native och verklig issuer återstår."
T32,Ombud utan faktureringsmandat får inte faktureringsrätt.,P4/P7,NOT_VERIFIED,,"Runtime, databas och berörda UI-/API-vägar återstår."
T33,"Intern anteckning förblir intern i API, UI, webhook och notis.",P4/P7,PARTIAL,"OPS/portal native-browser-post-browser-invariant-schema på 18294827; case-exposure-trace.md","Externa API-/webhook-/notis-/meddelandevägar återstår; ingen full acceptans."
T34,Telefonsammanfattning visar verklig medarbetare och kanal.,P4/P7,NOT_VERIFIED,,"Runtime, databas och berörda UI-/API-vägar återstår."
T35,Bilagor kan inte nås genom annan kunds referens.,P4/P7,NOT_VERIFIED,,"Runtime, databas och berörda UI-/API-vägar återstår."
T36,Oskannad eller skadlig bilaga förblir i karantän.,P4/P7,NOT_VERIFIED,,"Runtime, databas och berörda UI-/API-vägar återstår."
T37,Webhook-/URL-hantering når inte otillåtna mål genom DNS eller redirect.,P4/P7,NOT_VERIFIED,,"Runtime, databas och berörda UI-/API-vägar återstår."
T38,Sen eller duplicerad partnerhändelse återställer inte gammal data.,P4/P7,NOT_VERIFIED,,"Runtime, databas och berörda UI-/API-vägar återstår."
T39,Partnerfel ger korrekt kö/status utan att stoppa all support.,P4/P7,NOT_VERIFIED,,"Runtime, databas och berörda UI-/API-vägar återstår."
T40,Belastning från en tenant ger inte obegränsad påverkan på andra.,P4/P7,NOT_VERIFIED,,"Runtime, databas och berörda UI-/API-vägar återstår."
T41,Återkallad API-nyckel stoppar nya otillåtna anrop.,P4/P7,NOT_VERIFIED,,"Runtime, databas och berörda UI-/API-vägar återstår."
T42,"XSS, CSRF och otillåtna fält ger ingen obehörig effekt.",P4/P7,NOT_VERIFIED,,"Runtime, databas och berörda UI-/API-vägar återstår."
T43,Anonymt intag läcker inte kundexistens eller historik.,P4/P7,NOT_VERIFIED,,"Runtime, databas och berörda UI-/API-vägar återstår."
T44,"Kundkort, lista och fakturavy visar korrekt revision efter sparning.",P5/P8,PARTIAL,3af25a7aa106f1d2038a2b759d26695e43ec9d43 OPS clean 109130083546: kundkortets browser såg sparad primärtelefon och revision 1; delegerat GET /me samt native kund/kontakt visade revision 2 efter API-ändring (P2_CONTACT_BROWSER_API_NATIVE_PASS).,"Kundlista, fakturavy, övriga profilfält och tillgänglighet har inte verifierats; hela T44 är fortfarande PARTIAL."
T45,"Mobil, tangentbord, zoom, validering och konflikt är användbara.",P5/P8,NOT_VERIFIED,,"Runtime, databas och berörda UI-/API-vägar återstår."
T46,Obehörig teknisk deep link nekas på servern.,P5/P8,NOT_VERIFIED,,"Runtime, databas och berörda UI-/API-vägar återstår."
T47,Utgånget supportmandat stoppar fortsatt skyddad åtkomst.,P5/P8,NOT_VERIFIED,,"Runtime, databas och berörda UI-/API-vägar återstår."
T48,"OpenAPI, guide och klient överensstämmer med runtime.",P5/P8,NOT_VERIFIED,,"Runtime, databas och berörda UI-/API-vägar återstår."
T49,Tomdatabasreplay och uppgradering bevarar relationer och semantik.,P5/P8,PARTIAL,"3af25a7aa106f1d2038a2b759d26695e43ec9d43 OPS 36482130912 clean 109130083546: tomdatabasmigration, native och browser/post-browser passerade; genererade typer SHA-256 011f8f80fa51ad46140598bae366fc29616bd6d8e7767f05135622ef6247afc3 och schemasnapshot 903d0be749052bb6a7dd9533c7d973a8bdcfa9560b matchade. Artifact 10998050717.","Uppgradering från representativt äldre schema, befintliga datavarianter och produktionsutrullning har inte verifierats; hela T49 är fortfarande PARTIAL."
T50,"Äldre importer, actions och RPC kan inte kringgå nya regler.",P5/P8,NOT_VERIFIED,,"Runtime, databas och berörda UI-/API-vägar återstår."
T51,Loggar innehåller inte hemligheter eller onödiga personuppgifter.,P5/P8,NOT_VERIFIED,,"Runtime, databas och berörda UI-/API-vägar återstår."
T52,"Rollhöjning, återställning och nyckelutgivning har rätt skydd.",P5/P8,NOT_VERIFIED,,"Runtime, databas och berörda UI-/API-vägar återstår."
T53,Supportärenden kan pagineras fram även bland många andra ärenden.,P5/P8,PARTIAL,"Native och OPS-browser tre sidor/201 ärenden på 18294827","Andra konsumenter och samtidiga inserts återstår."
T54,Samma sub eller mejl hos olika identitetsleverantörer blandas inte.,P5/P8,PARTIAL,"__tests__/customer-delegation-assertion.test.ts (issuerbyte med samma sub saknar giltig bindning)","Två verkliga utfärdare, aktiv DB-koppling, mejlkollision och browser/API återstår."
T55,Backup/restore och incidentprocedur verifieras i tillåten isolering.,P5/P8,NOT_VERIFIED,,"Runtime, databas och berörda UI-/API-vägar återstår."
U01,Samtliga OPS-sidor är inventerade och klassificerade.,P5/P7,PARTIAL,manifest.json + JSONL (statiska kandidater),"Importerade komponenter utanför scope, rolldynamik, varje faktisk åtgärd och browserbevis återstår."
U02,Varje unik UI-åtgärd har ett spårbart testfall.,P5/P7,PARTIAL,manifest.json + JSONL (statiska kandidater),"Importerade komponenter utanför scope, rolldynamik, varje faktisk åtgärd och browserbevis återstår."
U03,Knappar och menyval utför rätt handling på rätt resurs.,P5/P7,NOT_VERIFIED,,"Runtime, databas och berörda UI-/API-vägar återstår."
U04,Ingen kontroll visar framgång utan verifierat resultat.,P5/P7,NOT_VERIFIED,,"Runtime, databas och berörda UI-/API-vägar återstår."
U05,"Spara, Avbryt och återläsning fungerar konsekvent.",P5/P7,PARTIAL,3af25a7aa106f1d2038a2b759d26695e43ec9d43 kontakt-browser sparade primärtelefon och återläste den och e-post efter omladdning,Avbryt och andra OPS-/portalytor återstår.
U06,Dubbelklick och återförsök ger inte dubbla affärseffekter.,P5/P7,PARTIAL,"Publiceringsformulär med pending-spärr; browser och post-browser revisioner/händelser på 18294827","Andra affärseffekter och generella återförsöksvägar återstår."
U07,"Sökning, filter, sortering och sidindelning fungerar tillsammans.",P5/P7,PARTIAL,"Supportpredikat före offset/limit; native och OPS-browser på 18294827","Kombinerad sökning/filter/sortering, samtidiga inserts och andra ytor återstår."
U08,"Länkar, deep links, bakåt/framåt och omladdning bevarar korrekt kontext.",P5/P7,NOT_VERIFIED,,"Runtime, databas och berörda UI-/API-vägar återstår."
U09,Roller styr både synliga kontroller och serveråtkomst.,P5/P7,PARTIAL,3af25a7aa106f1d2038a2b759d26695e43ec9d43 kontakt-browser dolde formulär för läsare/främmande tenant och nekade förfalskad Action; äldre lågprivilegierad RPC nekad,Övriga OPS-roller och ytor återstår.
U10,Menyer och dialoger fungerar med tangentbord och fokus.,P5/P7,NOT_VERIFIED,,"Runtime, databas och berörda UI-/API-vägar återstår."
U11,Valideringsfel bevarar användarens utkast.,P5/P7,NOT_VERIFIED,,"Runtime, databas och berörda UI-/API-vägar återstår."
U12,Osparade ändringar hanteras vid navigation.,P5/P7,NOT_VERIFIED,,"Runtime, databas och berörda UI-/API-vägar återstår."
U13,Mobil och zoom ger inga oåtkomliga centrala kontroller.,P5/P7,NOT_VERIFIED,,"Runtime, databas och berörda UI-/API-vägar återstår."
U14,Samma uppgift återanvänder samma komponent och affärslogik.,P5/P7,NOT_VERIFIED,,"Runtime, databas och berörda UI-/API-vägar återstår."
U15,Verkliga UI-dubletter är borttagna eller samordnade.,P5/P7,NOT_VERIFIED,,"Runtime, databas och berörda UI-/API-vägar återstår."
U16,"Inga placeholders, döda länkar eller tomma handlers finns i levererad yta.",P5/P7,NOT_VERIFIED,,"Runtime, databas och berörda UI-/API-vägar återstår."
U17,"Uppladdning, nedladdning och export verifierar rätt fil och behörighet.",P5/P7,NOT_VERIFIED,,"Runtime, databas och berörda UI-/API-vägar återstår."
U18,"Laddning, tomt läge, fel, read-only och blockering visas tydligt.",P5/P7,PARTIAL,3af25a7aa106f1d2038a2b759d26695e43ec9d43 OPS clean 109130083546: browsern dolde primärkontaktformuläret för läsare och främmande tenant; förfalskad Server Action nekades. Detta är read-only/blockering på kundkortets kontaktvy.,"Laddning, tomt läge, felvisning och andra OPS-/portalytor har inte verifierats; hela U18 är fortfarande PARTIAL."
U19,Plattformens tekniska funktioner är korrekt separerade från tenantläge.,P5/P7,NOT_VERIFIED,,"Runtime, databas och berörda UI-/API-vägar återstår."
U20,Hela berörda UI-flödet är browserverifierat med resultat och skärmbilder.,P5/P7,PARTIAL,3af25a7aa106f1d2038a2b759d26695e43ec9d43 OPS clean 109130083546 Playwright kontakt 2/2 och Ediel 4/4; kontaktbild och artefakt 10998050717,Övriga berörda UI-flöden och heltäckande skärmbildsgranskning återstår.
