id,requirement,original_phase,original_status,acceptance_disposition,current_bounded_evidence,next_internal_step,exact_external_boundary
T01,"Tenant A kan inte läsa eller ändra kund, faktura, ärende eller bilaga i B.",P1,PARTIAL,OPEN,H contact/Event-v2 tenant negatives; F7 actual SQL9 and SC owner/lineage cores. Later broad native not reached on C86.,"Run the existing case/invoice/attachment/profile native and HTTP actor matrix A1/A2/B1, direct low roles and effect snapshots; include every read and mutation channel.",None for this internal step.
T02,Kund A kan inte komma åt annan kund inom samma tenant.,P1,PARTIAL,OPEN,"H account/assertion boundaries; SC physical-owner and protected-denial cores, genuine scanner native0.",Execute same-company sibling ownership for case/messages/invoices/file reserve-upload-commit-read and replay with real account links.,Actual enrolled tenant issuer/customer binding is unqualified; two controlled issuers and local denial tests are implementable.
T03,Admin i A och läsare i B förblir läsare i B.,P1,PARTIAL,OPEN,F7 reproduces actual A archive grant/B viewer wrong-target write; SQL9 core repair. P selected-target preflight/action14 local.,"Execute ordinary A-admin/B-reader and reverse via selected workspace UI, Action and direct RPC; compare B graph and role snapshots.",None for this internal step.
T04,Resolver och normal synk ändrar inte begränsad portalroll.,P1,PARTIAL,OPEN,H resolver6 mocked read-only cases; Site final review retains limited-role preservation as unqualified across normal sync.,Trace every resolver/sync/upsert fallback and execute before/after portal-role/link hashes; test alias/conflicting identifier/retry paths.,None for this internal step.
T05,Spärrat portalkonto återaktiveras inte av uppslag eller retry.,P1,PARTIAL,OPEN,H and earlier genuine portal revocation receipt; current disabled-account sync/recovery coverage remains incomplete.,Execute lookup/sync/link/retry after disabled account with valid old JWT; preserve disabled status and zero authority/new link effects.,Legitimate hosted account recovery/enrollment requires the chosen IdP policy; denial and preservation tests do not.
T06,Rätt API-scope med fel slutkund nekas.,P1,PARTIAL,OPEN,H real prior API wrong/missing assertion negatives; ID2 prepares current same-tenant crossed customers and two issuers.,"Run every scope/resource/command with valid scope but wrong signed customer, including replay, and native no-effect comparison.",Hosted issuer/client enrollment remains unqualified after controlled local proof.
T07,"Förfalskad aktör, tenant eller verifierad-flagga ger ingen rättighet.",P1,PARTIAL,OPEN,S strict multipart fields; SS exact signed staff/session/action proof; SC strict callback fields and authoritative stored challenge.,"Execute forged actor/company/user/verified/storage/nonce through real HTTP, FormData and RPC; no extra data, proof or outbox effect.",None for this internal step.
T08,Tenantbyte i annan flik kan inte orsaka sparning till fel tenant.,P1,PARTIAL,OPEN,P selected-target authority and H contact context denial; no genuine two-tab receipt.,"Actual browser two-tab tenant switch then submit original resource/key/revision; verify denial or exact original authorized target, no ambient-company borrowing.",None for this internal step.
T09,Direkt databas-/RPC-anrop med låg rättighet kan inte kringgå skydd.,P1,NOT_VERIFIED,OPEN,F7 SQL9; SS17 and SC17 low-role cores; C86 nine queue native cases include actual ACL denials.,"Complete actual table/column grants, RLS, views, all installed RPC overloads, owners/search_path and Storage low-role matrix after replay and restore.",None for this internal step.
T10,Återkallad session eller relation hanteras även med kvarvarande JWT.,P1,PARTIAL,OPEN,H old current-account revocation; SS/SC fresh-session clock checks locally; REF/ID2 native HTTP fixtures prepared.,"Execute read/write/replay after session, membership, portal relationship and client revocation while token remains valid, including observed lock waits.",Provider/issuer revocation propagation contract requires actual deployed issuer; current DB authority is locally testable.
T11,Kontaktändring via API och OPS ger samma tillåtna resultat.,P2/P3,PARTIAL,OPEN,H actual OPS then API contact save/audit/command/outbox receipt; current REF phone mutation and support journey prepared.,Execute current same allowed mutation via real OPS Action and API; compare exact rows/revision/audit/result/event/outbox and visible after-read.,None for this internal step.
T12,Ändring av endast telefon rensar inte andra fält.,P2/P3,PARTIAL,OPEN,H genuine prior phone-only preserves email; REF current actual client/transport-loss fixture prepared0.,Run current phone-only OPS/API and legacy callers with nonempty unrelated contact/billing/legal values; snapshot preservation and real UI reload.,None for this internal step.
T13,Inloggningsändring använder rätt identitetsleverantör och verifiering.,P2/P3,NOT_VERIFIED,OPEN,"Contact command deliberately separate from Auth; SS one-time contact proof implemented with actual caller, not a login/reset capability.","Inventory login/email/reset/enrollment callers and policies; bind independent action/old-account proof, current authority and audited outcome for each supported operation.",Approved IdP and old-account/phone verification policy/provider for actual login change or recovery is absent; do not simulate acceptance.
T14,Faktureringsstandard ändras utan att avtalsundantag skrivs över.,P2/P3,NOT_VERIFIED,OPEN,"B actual saved-recipient action8, page22 and loader9 passed C86 units; profile defaults/override semantics and native2 plus browser prepared.","Execute default change with two agreements (inherit/explicit), clear/inherit/country/channel semantics, saved revision after-read; explicit exceptions and issued graph unchanged.",None for this internal step.
T15,Readiness och export använder samma mottagare och revision.,P2/P3,NOT_VERIFIED,OPEN,B immutable request capture/shared sender lock and common resolver locally proved; new native uses actual readiness/preparation/approval/both senders.,"Run saved profile -> readiness -> invoice lock -> actual preparation/export bridges; compare destination/channel/country/source/revisions, preflight failure and retry.",None for this internal step.
T16,Profiländring skriver inte om utfärdad faktura.,P2/P3,NOT_VERIFIED,OPEN,"H older issued-byte upgrade hash; B original full invoice/item/underlay/pricing/line/document-reference snapshots prepared, current native not reached.","Change contact/default/override, retry and read current views; assert unchanged issued financial/request/GUID/calculation/document references and historical presentation.",Actual external provider PDF physical bytes/receipt require approved provider access; local document/reference and request immutability do not.
T17,Omleverans har separat verifierat leveransbeslut.,P2/P3,NOT_VERIFIED,OPEN,RD actual SQL6 and exported TS/UI16; persisted separately verified destination/revision decision; genuine decision/concurrency native0.,Run seven true-session decision/replay/revoke/clock/fault cases and UI after-read; preserve all finance and document history.,"Actual provider redelivery adapter, agency mandate and acceptance receipt remain absent; no generic resend or fake email verification substitutes."
T18,Samtidig profiländring och fakturalåsning blandar inte revisioner.,P2/P3,NOT_VERIFIED,OPEN,B preserved item lock/captured payload; native observed customer-lock/current-readiness conflict and fresh retry prepared.,Execute both overlapping profile-change/invoice-lock orders with observed waits; prove whole old or new revision only and immutable capture in both sender paths.,None for this internal step.
T19,Samtidiga profilskrivningar ger inte tyst dataförlust.,P2/P3,PARTIAL,OPEN,H real contact two-session race; address/profile/billing and B true-lock fixtures prepared; current suites not reached on C86.,"Run first-write races for every profile command, revisions and after-read; include actual resource locks and current permission/session expiry during wait.",None for this internal step.
T20,Ogiltigt fält i atomiskt kommando ger ingen partiell ändring.,P2/P3,PARTIAL,OPEN,H invalid-contact native; SS17 and SC17 strict/fault cores; F7 target guard9.,Execute every atomic command with valid+invalid fields together; compare customer/contact/profile/result/audit/domain/outbox and sensitive nonce graph.,None for this internal step.
T21,Fel före avslutad lokaltransaktion lämnar inte kund och kontakt osynkade.,P2/P3,PARTIAL,OPEN,H contact native late-audit rollback; SS/SC core late write and clock rollback; Site business/intent candidate still separate receipt scope.,Deterministically fault late writes in each real command and legacy transition; compare entire relevant graph. Storage/network remain separate boundaries.,None for this internal step.
T22,Krasch efter commit före HTTP-svar återhämtas utan dubblett.,P2/P3,PARTIAL,OPEN,"H completed API replay; REF real Next response-loss proxy fixture prepared, not executed.","Execute proxy that confirms native commit then drops downstream response, retry same key/current authority, singleton graph/effects. Do not call this process-crash proof.",None for this internal step.
T23,Samma idempotensnyckel med annan payload nekas.,P2/P3,PARTIAL,OPEN,H real contact changed-payload409; SS fresh-nonce completed-command409 and Site permanent intent conflicts locally.,"Run actual HTTP/native changed payload and simultaneous requests for every command namespace, normalized payload and current actor/resource binding.",None for this internal step.
T24,Samtidigt skapat ärende med samma nyckel ger ett logiskt ärende.,P2/P3,NOT_VERIFIED,OPEN,S three-case native includes observed first-create lock wait/two actual portal sessions; no new genuine execution.,"Execute first-create overlap, one case/thread/message/result/audit/domain/outbox, changed-payload denial and expired/deleted-session replay denial.",None for this internal step.
T25,Idempotensreplay kringgår inte återkallad rättighet.,P2/P3,PARTIAL,OPEN,SS/SC current actor/session/nonce checks locally; H old contact revoke replay; approved retry keeps prior persisted business approval.,"Run native replay after every current grant/session/client/link revocation. Explicitly decide/document pending sensitive action versus follow-up of an already approved business decision, then test each model.",A real delegated issuer revocation contract remains unqualified. Prior approver live-Auth recheck is not promised by the unchanged approved-retry policy.
T26,Webbärende visas i rätt tenant och rätt kundportal.,P4/P7,NOT_VERIFIED,OPEN,S real same-case API/OPS/portal journey and post-browser snapshots prepared; C86 stopped before it.,"Run the controlled local website/API intake -> exact OPS case -> same customer portal journey, foreign customer/tenant denials and real persisted after-read.",Actual deployed tenant website/consumer configuration requires its environment after local qualification.
T27,Telefonsamtal kan fortsätta befintligt ärende.,P4/P7,NOT_VERIFIED,OPEN,"S same canonical case receives private phone note, explicit staff phone publication and portal/API response; source traced only for current journey.",Execute actual API -> OPS phone continuation -> portal/API -> native graph/revision/publication after-read and screenshots.,None for this internal step.
T28,Identifierad kund utan portalkonto kan få behörig telefonhjälp.,P4/P7,NOT_VERIFIED,OPEN,S authorized staff internal help for a customer without account; SS contact-sensitive caller exists but new contact proof is not real phone identification.,"Run no-account internal staff case/contact UI and native proof without fabricated account; preserve unverified status, independent permissions and disclosure boundary.",Actual identified-caller disclosure/sensitive-help process needs approved phone identity/risk/mandate policy and provider; internal recording is not blocked.
T29,Oidentifierad kontakt får inte kunddata eller ändringsrätt.,P4/P7,NOT_VERIFIED,OPEN,S phone remains internal/unverified; strict fields; SS one-time action proof does not accept a checkbox.,Unknown caller must receive no customer/history/financial data or mutation capability via every anonymous/phone/API/UI path; execute actual deny/no-effect cases.,Real caller verification/disclosure policy is unconfigured; safe denial is internally testable.
T30,Ny mejl eller telefon bevisar inte ägande av gamla kontot.,P4/P7,NOT_VERIFIED,OPEN,"H issuer-sub/account identity distinct from contact; ID2 rejects user/role/tenant identity fields, SS proof independently action-bound.",Change email/phone then prove original account/link/roles/credentials unchanged; attack new contact as an ownership claim through real HTTP/native.,"Legitimate recovery/enrollment requires approved old-account/IdP evidence, not the new contact itself."
T31,"Utgånget, återspelat eller felbundet verifieringsbevis nekas.",P4/P7,PARTIAL,OPEN,SS actual SQL17 and RSA/exported action24; SC nonce/signature/expiry/replay cores; native not reached/prepared0.,"Execute exact-payload action/customer/company/staff/session/revision binding, one-use/revoke/expiry/late-fault rollback and completed replay with real stack.",Actual approved sensitive-proof issuer and telephone enrollment/mandate trust are unconfigured; controlled signed local proof is implementable.
T32,Ombud utan faktureringsmandat får inte faktureringsrätt.,P4/P7,NOT_VERIFIED,OPEN,S cases scopes independent of billing; SS allOf cases.write/masterdata.write and no billing/legal/Auth fields.,"Run genuine case-only delegate/staff through billing UI/HTTP/RPC, denied with unchanged financial/profile graph; test explicit field mandates.",Real phone-delegate mandate provisioning requires approved policy/issuer; possessing a case supplies no billing authority.
T33,"Intern anteckning förblir intern i API, UI, webhook och notis.",P4/P7,PARTIAL,OPEN,S private-note event/projection source; Site exact graph/intent local cases; prepared API/UI/native public-note canaries.,"Execute private canaries across customer DTO, OPS/customer UI, controlled webhook/notifier/realtime/cache and private file projections; no external delivery needed.",Actual external delivery receipt is separate from controlled local projection/signing proof.
T34,Telefonsammanfattning visar verklig medarbetare och kanal.,P4/P7,NOT_VERIFIED,OPEN,"S explicit publication uses session-derived actual staff UUID and phone channel, same-case journey assertions prepared.","Execute publication/read/after-read and forged-author/channel denial, compare displayed derived author reference to actual persisted staff.",None for this internal step.
T35,Bilagor kan inte nås genom annan kunds referens.,P4/P7,NOT_VERIFIED,OPEN,S owner reservation/physical quarantine native prepared; SC exact current owner/session/object/hash protected-denial cores.,"Run reserve-upload-commit-read/protected-denial with same-company sibling/foreign tenant refs, session change and actual Storage bytes/ACL; zero owner bypass.",None for this internal step.
T36,Oskannad eller skadlig bilaga förblir i karantän.,P4/P7,NOT_VERIFIED,OPEN,SC first8SQL/14runtime + consumer9SQL/12runtime independently executed; all25 frozen hashes reviewed. ALL release=false; native8+6 authored0.,"Integrate/capture both new SQL tails, execute real native then actual Next OPS Auth-cookie POST/GET denial and safe file/TTL/owner/hash/error behavior. Do not promote inert bytes to malware detection.",Approved scanner malware detection and protected scanner transport/production scheduling credentials absent. Future actual release needs separate delivery/qualification review; internal deny/evidence mechanics are implemented.
T37,Webhook-/URL-hantering når inte otillåtna mål genom DNS eller redirect.,P4/P7,NOT_VERIFIED,OPEN,W actual C86 six webhook native cases pass; local actual pinned-DNS/TLS/connect/redirect and IPv4/IPv6 guard cases.,Retain exact bounded receipt; complete all URL-fetch consumers/redirect/DNS/IPv6/private destination matrix and exact-byte signature/expiry/rotation where required. No arbitrary external probing.,None for this internal step.
T38,Sen eller duplicerad partnerhändelse återställer inte gammal data.,P4/P7,NOT_VERIFIED,OPEN,PE atomic provider SQL7/local adapter7; canonical paid drift/late rollback preserved. Provider6 genuine native NOT_REACHED; Site candidate accepted/rejected/ACK effects evolving.,Execute provider actual overlapping paid/overdue/duplicate/wrong token/tenant; finish Site current stored-source/ACK transaction and other profile partner writers. Same-ranked distinct event semantics remain unqualified.,Provider-specific causal/version order requires actual contract; do not invent ordering for ambiguous metadata updates.
T39,Partnerfel ger korrekt kö/status utan att stoppa all support.,P4/P7,NOT_VERIFIED,OPEN,PE persists safe Supabase failure/review independent next event locally; C86 queue fairness/rollback/concurrency passed; actual support journey later not reached.,"Run controlled provider error/timeout/dead-letter then successful independent tenant and support/API/OPS progress, real persisted reasons/retry/current revocation; re-match missing item remains a separate capability.",Approved provider transport and final delivery acknowledgement require its configured isolated environment only.
T40,Belastning från en tenant ger inte obegränsad påverkan på andra.,P4/P7,NOT_VERIFIED,OPEN,QF C86 nine actual provider/email/approved-queue + four aggregate tenant-budget native cases pass; W6 pass. Approved CAS one ENOENT case failed before assertion; fix frozen3. Customer fair native4 not reached.,"Run corrected CAS/customer/scanner fair claims. Reproduce reachable global Ediel intent oldest-first selection; inventory all workers, user/IP and costly upload/export/verification budgets; measure DB calls/bytes/quiet latency on real disposable runtime.",Actual hosted ingress/WAF/SLA configuration needs its owner/environment; finite local protection and measured synthetic workloads are not blocked.
T41,Återkallad API-nyckel stoppar nya otillåtna anrop.,P4/P7,NOT_VERIFIED,OPEN,QF genuine revoked/expired/paused-company budgets and expiry during real lock wait pass on C86; REF/ID2 actual HTTP revoke fixtures prepared.,Execute every API read/new mutation/replay after actual key/client revoke/expire while customer assertion remains valid; native zero effects and other tenant progress.,None for this internal step.
T42,"XSS, CSRF och otillåtna fält ger ingen obehörig effekt.",P4/P7,NOT_VERIFIED,OPEN,ID2 actual anonymous action RED/GREEN+parser/action34 local; SC strict bounded transport/same-origin/protected route exports12 local; native/browser0.,"Execute real Next Origin/null-origin/CSRF, stored XSS inert display, multipart/mass-assignment, redirects/CORS/headers across affected entrypoints and persisted zero effects.",None for this internal step.
T43,Anonymt intag läcker inte kundexistens eller historik.,P4/P7,NOT_VERIFIED,OPEN,ID2 confirmed historical created vs review progress disclosure repaired; successful action statuses use same generic acknowledgement; runtime prepared0.,Execute historical exact replay/known/ambiguous/unknown intake safe response/body/no-canary graph with actual Next; timing samples are not a constant-time guarantee.,None for this internal step.
T44,"Kundkort, lista och fakturavy visar korrekt revision efter sparning.",P5/P8,PARTIAL,OPEN,B actual exported page22/loader9/recipient8 pass C86 units; H prior contact card revision. Current list/card/invoice native/browser prepared not reached.,"Execute profile/contact/billing/address save -> exact card/list/invoice reload/back-forward and native current versus immutable invoice revisions, reader/foreign denial.",None for this internal step.
T45,"Mobil, tangentbord, zoom, validering och konflikt är användbara.",P5/P8,NOT_VERIFIED,OPEN,O semantic contextual register and shared feedback; actual central-task mobile/keyboard/zoom/conflict full proof absent.,"Run real central forms at mobile/200% zoom, keyboard/focus/accessibility/error/pending/readonly/true version conflict; capture states and actual effects.",None for this internal step.
T46,Obehörig teknisk deep link nekas på servern.,P5/P8,NOT_VERIFIED,OPEN,F7 canonical company/global permission fix SQL9 and actual app helper11; P selected-target gate; genuine current deep-link matrix not reached.,"Direct technical route/Action/RPC as tenant reader/customer, hidden navigation independent; no protected data fetched before denial; exact company/null target policy.",None for this internal step.
T47,Utgånget supportmandat stoppar fortsatt skyddad åtkomst.,P5/P8,NOT_VERIFIED,OPEN,SS proof/session/revision/expiry17 core and SC60s owner nonce; S elapsed client/session native prepared.,Execute current session/client/support relationship and one-time mandate expiration/revocation after lock wait; distinguish distinct phone delegate from staff session.,Actual time-bound phone/platform support mandate provisioning/trust remains unqualified; implemented local expiry/denial is testable.
T48,"OpenAPI, guide och klient överensstämmer med runtime.",P5/P8,NOT_VERIFIED,OPEN,"R actual local HTTP4/4,52 exact immutable paired routes,50 old releases unchanged,24+18 guide ops; C86 docs/compat/build pass. REF authenticated journey prepared0.","Execute full authenticated synthetic reference journey, DTO/error/scope/revision/idempotency/pagination and exact current release envelopes, generated types and downstream effects.",Hosted tenant consumer/real issuer setup/served deployment-byte receipt remain unqualified after local proof.
T49,Tomdatabasreplay och uppgradering bevarar relationer och semantik.,P5/P8,PARTIAL,OPEN,C86 authentic replay capture tail20260930230204 bytes match checked-in types/schema/fingerprint; upgrade/restore fails exact five ACL groups. New scanner/inbound tails ungenerated.,"Repair exact restore ACL divergence without weaker comparisons, execute all current upgrade/data/Auth/owner/grant/catalog semantics, new-tail genuine generation/parity and representative old variations.",None for this internal step.
T50,"Äldre importer, actions och RPC kan inte kringgå nya regler.",P5/P8,NOT_VERIFIED,OPEN,F7 actual21-definition/26-callsite patch core; raw legacy writer ACL fences installed; Site older required-intent candidate in progress; IMPORT truthful outcome only.,Complete every old importer/action/RPC/service writer and graph call authority/idempotency/field/effect disposition; direct low-role execution after replay/restore. Imports and portal whole legacy graph are not atomic/retry-qualified.,None for this internal step.
T51,Loggar innehåller inte hemligheter eller onödiga personuppgifter.,P5/P8,NOT_VERIFIED,OPEN,"C86 artifact pattern checks0 sb/JWT matches, prior startup redaction actual Bash proof; no whole application PII acceptance.",Inject synthetic secret/code/contact canaries into real success/error/provider/phone/file paths and verify public responses/logs/audit minimization and retention. Local scans continue.,"Formal ggshield scan is BLOCKED_AUTH; this names only its scanner credentials, not local redaction/security work."
T52,"Rollhöjning, återställning och nyckelutgivning har rätt skydd.",P5/P8,NOT_VERIFIED,OPEN,PA strict target/action/boolean receipt9; company-only access no global Auth mutation; F7 active scope/current actor core.,"Execute role/direct allow-deny/invite/last-owner/delegation/key issue-revoke/reset UI/HTTP/RPC incl malformed platform aliases, actual saved after-read and current authority.",Real account reset/MFA/enrollment requires chosen IdP/approved policy; hosted branch-protection read/change follows actual authorization.
T53,Supportärenden kan pagineras fram även bland många andra ärenden.,P5/P8,PARTIAL,OPEN,H genuine earlier201-case/three-page OPS fixture; current controlled support journey and reference API cursor paths prepared.,"Run own/foreign/internal cases combined filter/sort/search/cursor/count before pagination, many unrelated rows and concurrent inserts/deletes; actual API/UI pages and stable bound cursors.",None for this internal step.
T54,Samma sub eller mejl hos olika identitetsleverantörer blandas inte.,P5/P8,PARTIAL,OPEN,H issuer-sub distinction unit; ID2 two independent controlled issuers/keypairs same sub/email and three actual accounts prepared0.,Run actual signed Next/PostgREST/GoTrue reads/crossed key/issuer/customer/company/no-assertion denials with private canaries and unchanged optional legacy profile snapshots.,Actual issuer enrollment/mandate/revocation trust contract remains unqualified; controlled two-issuer collision proof is local.
T55,Backup/restore och incidentprocedur verifieras i tillåten isolering.,P5/P8,NOT_VERIFIED,OPEN,"C86 actual archive attempted with five ACL mismatches, complete restore/current-authority not accepted. RB baseline rollback20/20, BF backfill12/12, INC16+3 core local; native0.","Execute strict repaired archive equality then protected positives/negatives, old pre-forward restore with pinned old command/RLS, safe backfill conflict/replay, incident/alarm/no-blind-resend and feature shutdown preserving changes/audit.",Hosted PITR/Storage backup/real monitor delivery/provider recovery and tenant pilot require their environment and explicit operational authorization; disposable logical restore/readiness is implementable.
U01,Samtliga OPS-sidor är inventerade och klassificerade.,P5/P7,PARTIAL,OPEN,"O all323 archived families reconciled; current148 pages,327 families,5832 contexts and302 conservative commands; semantic accepted total still null.","Manually finish every page role/state/context/business branch/dedup and generic mounted caller; stable per-page disposition, no source count accepted as runtime.",None for this internal step.
U02,Varje unik UI-åtgärd har ett spårbart testfall.,P5/P7,PARTIAL,OPEN,"O 43 manually split domain/field intents,11 bounded command receipts and1893 explicit OPEN gaps; verifiedWholeOpsActions=0.",Resolve branch-specific operations/caller policies/effect chains into actual unique business actions; bind each to named current executed case/result and exact source hash.,None for this internal step.
U03,Knappar och menyval utför rätt handling på rätt resurs.,P5/P7,NOT_VERIFIED,OPEN,"O current command/source/caller links; IMPORT, PA, B, F7 and OPS outcome exported boundaries locally qualified only.",Per semantic action verify actual visible control -> handler -> current actor/company/resource -> DB/effect -> after-read/UI; differing contextual callers remain cases.,None for this internal step.
U04,Ingen kontroll visar framgång utan verifierat resultat.,P5/P7,NOT_VERIFIED,OPEN,"IMPORT partial/final receipt, PA identity-bound result, OPS Ping/save distinction, analytics safe availability correction locally proved.",Execute each meaningful error/zero-row/partial/cache result in browser/native; fix confirmed false-success/no-op candidates before declaring receipt; actual provider connected status remains separate.,Real connection-success Ping needs approved provider; missing config/error states and truthful saved outcome are locally testable.
U05,"Spara, Avbryt och återläsning fungerar konsekvent.",P5/P7,PARTIAL,OPEN,"H contact saved/reload; B recipient/redelivery and shared forms locally tested, current save/cancel/browser0.","Every central form Save/Cancel/reset/reload/conflict/readonly retains verified state; one logical save and after-read, no cancel submission or false result.",None for this internal step.
U06,Dubbelklick och återförsök ger inte dubbla affärseffekter.,P5/P7,PARTIAL,OPEN,H keyed command replay; SS/SC nonce/transaction core; QF CAS; Site permanent keyed intent. IMPORT remains nontransactional/unkeyed recovery.,"Actual doubleclick/first-write overlap/response loss/retry each command and import/resend; durable idempotent recovery or explicit partial decision, not disabled-button-only.",None for this internal step.
U07,"Sökning, filter, sortering och sidindelning fungerar tillsammans.",P5/P7,PARTIAL,OPEN,H support pagination; O per-source filter/sort/page facts; current central-list runtime matrix incomplete.,Run combined search/filter/sort/page/reset/count/URL state with many own/foreign rows and changed tenant/role; filtered authorization before pagination.,None for this internal step.
U08,"Länkar, deep links, bakåt/framåt och omladdning bevarar korrekt kontext.",P5/P7,NOT_VERIFIED,OPEN,O navigation/caller facts and selected-target guards; no whole back-forward/context browser receipt.,Execute deep link/back/forward/reload/stale resource/two-tab tenant changes; context must persist exactly or deny explicitly without wrong-resource writes.,None for this internal step.
U09,Roller styr både synliga kontroller och serveråtkomst.,P5/P7,PARTIAL,OPEN,"F7 exact canonical authority, company-only access and P resource selected-target; current display/server matrix incomplete.",All role/task/state controls and direct server entrypoints with crossed tenants/grants/revocation; disabled/hidden control cannot substitute for actual denial.,None for this internal step.
U10,Menyer och dialoger fungerar med tangentbord och fokus.,P5/P7,NOT_VERIFIED,OPEN,Shared form/modal/source references; actual all central menu/dialog focus cases unqualified.,"Keyboard-only open/close/Escape/Enter/tab/focus trap-return/error focus and actual outcome across central menus/dialogs, no invisible actionable focus.",None for this internal step.
U11,Valideringsfel bevarar användarens utkast.,P5/P7,NOT_VERIFIED,OPEN,IMPORT reports saved partial work but does not prove draft retention; shared-form field labels locally covered.,"Actual validation/error/conflict and network interruption preserves safe draft, identifies field and focuses problem across central/import/task-specific forms.",None for this internal step.
U12,Osparade ändringar hanteras vid navigation.,P5/P7,NOT_VERIFIED,OPEN,Full unsaved navigation guard not qualified; ops_ui now owns root-authorized concrete central form/navigation trace.,"Reproduce dirty link/back/reload/tenant-switch, implement necessary shared guard and explicit save/discard/cancel without unintended business effect; run real browser.",None for this internal step.
U13,Mobil och zoom ger inga oåtkomliga centrala kontroller.,P5/P7,NOT_VERIFIED,OPEN,OPS prepared reader/mobile/overflow browser cases0; central task zoom and focus unqualified.,"Actual mobile plus200% zoom dialogs/forms/tables central controls accessible and named; verify overflow/scroll/focus/interaction, save and denial screenshots.",None for this internal step.
U14,Samma uppgift återanvänder samma komponent och affärslogik.,P5/P7,NOT_VERIFIED,OPEN,Canonical contact/billing/support commands/common forms exist; O source facade/dedup decisions incomplete.,Compare same task at card/list/dialog/phone callers; reuse canonical command/component while keeping real context-specific rights/field/source policy; regress retained callers.,None for this internal step.
U15,Verkliga UI-dubletter är borttagna eller samordnade.,P5/P7,NOT_VERIFIED,OPEN,O323 archived families and all11 unresolved source decisions now reconciled; no full actual duplicate business decision set.,Complete semantic same-task duplicate decisions and remove/coordinate only genuinely redundant UI/routes/components; do not merge records or remove necessary entrypoints.,None for this internal step.
U16,"Inga placeholders, döda länkar eller tomma handlers finns i levererad yta.",P5/P7,NOT_VERIFIED,OPEN,O source extraction repairs formAction/caller binding; analytics/report/metadata outcome repairs local; conditional controls still need execution.,"Execute every delivered control/link/handler/placeholder state; confirmed no-op/dead route gets repair/shared implementation or explicit controlled retirement, never hide unmet task.",None for this internal step.
U17,"Uppladdning, nedladdning och export verifierar rätt fil och behörighet.",P5/P7,NOT_VERIFIED,OPEN,OPS installed Next download interception RED/GREEN +GET/action34; analytics13+15; SC physical-hash/owner denied reads; native/browser not reached.,Actual file chooser/upload/private Storage/attachment link/export bytes-name-hash/current authority/revocation/foreign denial and real browser download; denied export cannot emit successful empty file.,Approved scanner clean-file release and real provider PDF receipt remain separate; safe local denial/exact generated CSV proof is implementable.
U18,"Laddning, tomt läge, fel, read-only och blockering visas tydligt.",P5/P7,PARTIAL,OPEN,"Shared feedback, truthful import partial status, Site prepared-unsent needs_review, SC always blocked qualification decision implemented locally.",Every task actual loading/empty/error/readonly/blocked/pending/conflict/network state; preserve confirmed receipt after cache fault and distinguish local intent from external completion.,None for this internal step.
U19,Plattformens tekniska funktioner är korrekt separerade från tenantläge.,P5/P7,NOT_VERIFIED,OPEN,F7 canonical global/target scope and company-only access repaired; O platform/workspace source classification incomplete at runtime.,"Every technical platform route/nav/action with real selected tenant/global context; current server denial before service read and permitted global positive, explicit mode/UI labeling.",None for this internal step.
U20,Hela berörda UI-flödet är browserverifierat med resultat och skärmbilder.,P5/P7,PARTIAL,OPEN,H bounded older contact/case browser; C86 public landing/login workflow success does not run downstream support/billing suites. Current prepared full journeys not reached.,"Execute every affected current journey in actual browser with named graph/after-read/result and screenshots; per-context/action evidence, not suite listing or old borrowed receipt.",Hosted tenant consumer and external enrollment need their environments; controlled entire OPS remains internal work.
